BEGIN TRANSACTION;
CREATE TABLE "adjuntos_clinicos" ("id_adjunto" integer NOT NULL PRIMARY KEY AUTOINCREMENT, "nombre_archivo" varchar(150) NOT NULL, "ruta_archivo" varchar(255) NOT NULL, "tipo_mime" varchar(80) NOT NULL, "tamano_kb" integer unsigned NULL CHECK ("tamano_kb" >= 0), "fecha_subida" datetime NOT NULL, "id_usuario_sube" integer NOT NULL REFERENCES "usuarios" ("id_usuario") DEFERRABLE INITIALLY DEFERRED, "id_evolucion" integer NOT NULL REFERENCES "evoluciones_clinicas" ("id_evolucion") DEFERRABLE INITIALLY DEFERRED);
CREATE TABLE "auth_group" ("id" integer NOT NULL PRIMARY KEY AUTOINCREMENT, "name" varchar(150) NOT NULL UNIQUE);
CREATE TABLE "auth_group_permissions" ("id" integer NOT NULL PRIMARY KEY AUTOINCREMENT, "group_id" integer NOT NULL REFERENCES "auth_group" ("id") DEFERRABLE INITIALLY DEFERRED, "permission_id" integer NOT NULL REFERENCES "auth_permission" ("id") DEFERRABLE INITIALLY DEFERRED);
CREATE TABLE "auth_permission" ("id" integer NOT NULL PRIMARY KEY AUTOINCREMENT, "content_type_id" integer NOT NULL REFERENCES "django_content_type" ("id") DEFERRABLE INITIALLY DEFERRED, "codename" varchar(100) NOT NULL, "name" varchar(255) NOT NULL);
INSERT INTO "auth_permission" VALUES(1,1,'add_logentry','Can add log entry');
INSERT INTO "auth_permission" VALUES(2,1,'change_logentry','Can change log entry');
INSERT INTO "auth_permission" VALUES(3,1,'delete_logentry','Can delete log entry');
INSERT INTO "auth_permission" VALUES(4,1,'view_logentry','Can view log entry');
INSERT INTO "auth_permission" VALUES(5,2,'add_permission','Can add permission');
INSERT INTO "auth_permission" VALUES(6,2,'change_permission','Can change permission');
INSERT INTO "auth_permission" VALUES(7,2,'delete_permission','Can delete permission');
INSERT INTO "auth_permission" VALUES(8,2,'view_permission','Can view permission');
INSERT INTO "auth_permission" VALUES(9,3,'add_group','Can add group');
INSERT INTO "auth_permission" VALUES(10,3,'change_group','Can change group');
INSERT INTO "auth_permission" VALUES(11,3,'delete_group','Can delete group');
INSERT INTO "auth_permission" VALUES(12,3,'view_group','Can view group');
INSERT INTO "auth_permission" VALUES(13,4,'add_contenttype','Can add content type');
INSERT INTO "auth_permission" VALUES(14,4,'change_contenttype','Can change content type');
INSERT INTO "auth_permission" VALUES(15,4,'delete_contenttype','Can delete content type');
INSERT INTO "auth_permission" VALUES(16,4,'view_contenttype','Can view content type');
INSERT INTO "auth_permission" VALUES(17,5,'add_session','Can add session');
INSERT INTO "auth_permission" VALUES(18,5,'change_session','Can change session');
INSERT INTO "auth_permission" VALUES(19,5,'delete_session','Can delete session');
INSERT INTO "auth_permission" VALUES(20,5,'view_session','Can view session');
INSERT INTO "auth_permission" VALUES(21,6,'add_rol','Can add Rol');
INSERT INTO "auth_permission" VALUES(22,6,'change_rol','Can change Rol');
INSERT INTO "auth_permission" VALUES(23,6,'delete_rol','Can delete Rol');
INSERT INTO "auth_permission" VALUES(24,6,'view_rol','Can view Rol');
INSERT INTO "auth_permission" VALUES(25,7,'add_usuario','Can add Usuario');
INSERT INTO "auth_permission" VALUES(26,7,'change_usuario','Can change Usuario');
INSERT INTO "auth_permission" VALUES(27,7,'delete_usuario','Can delete Usuario');
INSERT INTO "auth_permission" VALUES(28,7,'view_usuario','Can view Usuario');
INSERT INTO "auth_permission" VALUES(29,8,'add_usuariorol','Can add Usuario-Rol');
INSERT INTO "auth_permission" VALUES(30,8,'change_usuariorol','Can change Usuario-Rol');
INSERT INTO "auth_permission" VALUES(31,8,'delete_usuariorol','Can delete Usuario-Rol');
INSERT INTO "auth_permission" VALUES(32,8,'view_usuariorol','Can view Usuario-Rol');
INSERT INTO "auth_permission" VALUES(33,9,'add_sexo','Can add Sexo');
INSERT INTO "auth_permission" VALUES(34,9,'change_sexo','Can change Sexo');
INSERT INTO "auth_permission" VALUES(35,9,'delete_sexo','Can delete Sexo');
INSERT INTO "auth_permission" VALUES(36,9,'view_sexo','Can view Sexo');
INSERT INTO "auth_permission" VALUES(37,10,'add_persona','Can add Persona');
INSERT INTO "auth_permission" VALUES(38,10,'change_persona','Can change Persona');
INSERT INTO "auth_permission" VALUES(39,10,'delete_persona','Can delete Persona');
INSERT INTO "auth_permission" VALUES(40,10,'view_persona','Can view Persona');
INSERT INTO "auth_permission" VALUES(41,11,'add_paciente','Can add Paciente');
INSERT INTO "auth_permission" VALUES(42,11,'change_paciente','Can change Paciente');
INSERT INTO "auth_permission" VALUES(43,11,'delete_paciente','Can delete Paciente');
INSERT INTO "auth_permission" VALUES(44,11,'view_paciente','Can view Paciente');
INSERT INTO "auth_permission" VALUES(45,12,'add_especialidad','Can add Especialidad');
INSERT INTO "auth_permission" VALUES(46,12,'change_especialidad','Can change Especialidad');
INSERT INTO "auth_permission" VALUES(47,12,'delete_especialidad','Can delete Especialidad');
INSERT INTO "auth_permission" VALUES(48,12,'view_especialidad','Can view Especialidad');
INSERT INTO "auth_permission" VALUES(49,13,'add_odontologo','Can add Odontólogo');
INSERT INTO "auth_permission" VALUES(50,13,'change_odontologo','Can change Odontólogo');
INSERT INTO "auth_permission" VALUES(51,13,'delete_odontologo','Can delete Odontólogo');
INSERT INTO "auth_permission" VALUES(52,13,'view_odontologo','Can view Odontólogo');
INSERT INTO "auth_permission" VALUES(53,14,'add_odontologoespecialidad','Can add Especialidad de Odontólogo');
INSERT INTO "auth_permission" VALUES(54,14,'change_odontologoespecialidad','Can change Especialidad de Odontólogo');
INSERT INTO "auth_permission" VALUES(55,14,'delete_odontologoespecialidad','Can delete Especialidad de Odontólogo');
INSERT INTO "auth_permission" VALUES(56,14,'view_odontologoespecialidad','Can view Especialidad de Odontólogo');
INSERT INTO "auth_permission" VALUES(57,15,'add_horarioodontologo','Can add Horario de Odontólogo');
INSERT INTO "auth_permission" VALUES(58,15,'change_horarioodontologo','Can change Horario de Odontólogo');
INSERT INTO "auth_permission" VALUES(59,15,'delete_horarioodontologo','Can delete Horario de Odontólogo');
INSERT INTO "auth_permission" VALUES(60,15,'view_horarioodontologo','Can view Horario de Odontólogo');
INSERT INTO "auth_permission" VALUES(61,16,'add_box','Can add Box');
INSERT INTO "auth_permission" VALUES(62,16,'change_box','Can change Box');
INSERT INTO "auth_permission" VALUES(63,16,'delete_box','Can delete Box');
INSERT INTO "auth_permission" VALUES(64,16,'view_box','Can view Box');
INSERT INTO "auth_permission" VALUES(65,17,'add_estadocita','Can add Estado de Cita');
INSERT INTO "auth_permission" VALUES(66,17,'change_estadocita','Can change Estado de Cita');
INSERT INTO "auth_permission" VALUES(67,17,'delete_estadocita','Can delete Estado de Cita');
INSERT INTO "auth_permission" VALUES(68,17,'view_estadocita','Can view Estado de Cita');
INSERT INTO "auth_permission" VALUES(69,18,'add_tipoatencion','Can add Tipo de Atención');
INSERT INTO "auth_permission" VALUES(70,18,'change_tipoatencion','Can change Tipo de Atención');
INSERT INTO "auth_permission" VALUES(71,18,'delete_tipoatencion','Can delete Tipo de Atención');
INSERT INTO "auth_permission" VALUES(72,18,'view_tipoatencion','Can view Tipo de Atención');
INSERT INTO "auth_permission" VALUES(73,19,'add_cita','Can add Cita');
INSERT INTO "auth_permission" VALUES(74,19,'change_cita','Can change Cita');
INSERT INTO "auth_permission" VALUES(75,19,'delete_cita','Can delete Cita');
INSERT INTO "auth_permission" VALUES(76,19,'view_cita','Can view Cita');
INSERT INTO "auth_permission" VALUES(77,20,'add_historialcita','Can add Historial de Cita');
INSERT INTO "auth_permission" VALUES(78,20,'change_historialcita','Can change Historial de Cita');
INSERT INTO "auth_permission" VALUES(79,20,'delete_historialcita','Can delete Historial de Cita');
INSERT INTO "auth_permission" VALUES(80,20,'view_historialcita','Can view Historial de Cita');
INSERT INTO "auth_permission" VALUES(81,21,'add_evolucionclinica','Can add Evolución Clínica');
INSERT INTO "auth_permission" VALUES(82,21,'change_evolucionclinica','Can change Evolución Clínica');
INSERT INTO "auth_permission" VALUES(83,21,'delete_evolucionclinica','Can delete Evolución Clínica');
INSERT INTO "auth_permission" VALUES(84,21,'view_evolucionclinica','Can view Evolución Clínica');
INSERT INTO "auth_permission" VALUES(85,22,'add_adjuntoclinico','Can add Adjunto Clínico');
INSERT INTO "auth_permission" VALUES(86,22,'change_adjuntoclinico','Can change Adjunto Clínico');
INSERT INTO "auth_permission" VALUES(87,22,'delete_adjuntoclinico','Can delete Adjunto Clínico');
INSERT INTO "auth_permission" VALUES(88,22,'view_adjuntoclinico','Can view Adjunto Clínico');
INSERT INTO "auth_permission" VALUES(89,23,'add_fichaclinica','Can add Ficha Clínica');
INSERT INTO "auth_permission" VALUES(90,23,'change_fichaclinica','Can change Ficha Clínica');
INSERT INTO "auth_permission" VALUES(91,23,'delete_fichaclinica','Can delete Ficha Clínica');
INSERT INTO "auth_permission" VALUES(92,23,'view_fichaclinica','Can view Ficha Clínica');
INSERT INTO "auth_permission" VALUES(93,24,'add_catalogoantecedente','Can add Catálogo de Antecedente');
INSERT INTO "auth_permission" VALUES(94,24,'change_catalogoantecedente','Can change Catálogo de Antecedente');
INSERT INTO "auth_permission" VALUES(95,24,'delete_catalogoantecedente','Can delete Catálogo de Antecedente');
INSERT INTO "auth_permission" VALUES(96,24,'view_catalogoantecedente','Can view Catálogo de Antecedente');
INSERT INTO "auth_permission" VALUES(97,25,'add_registroantecedentesmedicos','Can add Registro de Antecedentes');
INSERT INTO "auth_permission" VALUES(98,25,'change_registroantecedentesmedicos','Can change Registro de Antecedentes');
INSERT INTO "auth_permission" VALUES(99,25,'delete_registroantecedentesmedicos','Can delete Registro de Antecedentes');
INSERT INTO "auth_permission" VALUES(100,25,'view_registroantecedentesmedicos','Can view Registro de Antecedentes');
INSERT INTO "auth_permission" VALUES(101,26,'add_registroantecedentedetalle','Can add Detalle de Antecedente');
INSERT INTO "auth_permission" VALUES(102,26,'change_registroantecedentedetalle','Can change Detalle de Antecedente');
INSERT INTO "auth_permission" VALUES(103,26,'delete_registroantecedentedetalle','Can delete Detalle de Antecedente');
INSERT INTO "auth_permission" VALUES(104,26,'view_registroantecedentedetalle','Can view Detalle de Antecedente');
INSERT INTO "auth_permission" VALUES(105,27,'add_caradental','Can add Cara Dental');
INSERT INTO "auth_permission" VALUES(106,27,'change_caradental','Can change Cara Dental');
INSERT INTO "auth_permission" VALUES(107,27,'delete_caradental','Can delete Cara Dental');
INSERT INTO "auth_permission" VALUES(108,27,'view_caradental','Can view Cara Dental');
INSERT INTO "auth_permission" VALUES(109,28,'add_condicionodontologica','Can add Condición Odontológica');
INSERT INTO "auth_permission" VALUES(110,28,'change_condicionodontologica','Can change Condición Odontológica');
INSERT INTO "auth_permission" VALUES(111,28,'delete_condicionodontologica','Can delete Condición Odontológica');
INSERT INTO "auth_permission" VALUES(112,28,'view_condicionodontologica','Can view Condición Odontológica');
INSERT INTO "auth_permission" VALUES(113,29,'add_piezadental','Can add Pieza Dental');
INSERT INTO "auth_permission" VALUES(114,29,'change_piezadental','Can change Pieza Dental');
INSERT INTO "auth_permission" VALUES(115,29,'delete_piezadental','Can delete Pieza Dental');
INSERT INTO "auth_permission" VALUES(116,29,'view_piezadental','Can view Pieza Dental');
INSERT INTO "auth_permission" VALUES(117,30,'add_odontograma','Can add Odontograma');
INSERT INTO "auth_permission" VALUES(118,30,'change_odontograma','Can change Odontograma');
INSERT INTO "auth_permission" VALUES(119,30,'delete_odontograma','Can delete Odontograma');
INSERT INTO "auth_permission" VALUES(120,30,'view_odontograma','Can view Odontograma');
INSERT INTO "auth_permission" VALUES(121,31,'add_odontogramadetalle','Can add Detalle de Odontograma');
INSERT INTO "auth_permission" VALUES(122,31,'change_odontogramadetalle','Can change Detalle de Odontograma');
INSERT INTO "auth_permission" VALUES(123,31,'delete_odontogramadetalle','Can delete Detalle de Odontograma');
INSERT INTO "auth_permission" VALUES(124,31,'view_odontogramadetalle','Can view Detalle de Odontograma');
INSERT INTO "auth_permission" VALUES(125,32,'add_tratamiento','Can add Tratamiento');
INSERT INTO "auth_permission" VALUES(126,32,'change_tratamiento','Can change Tratamiento');
INSERT INTO "auth_permission" VALUES(127,32,'delete_tratamiento','Can delete Tratamiento');
INSERT INTO "auth_permission" VALUES(128,32,'view_tratamiento','Can view Tratamiento');
INSERT INTO "auth_permission" VALUES(129,33,'add_plantratamiento','Can add Plan de Tratamiento');
INSERT INTO "auth_permission" VALUES(130,33,'change_plantratamiento','Can change Plan de Tratamiento');
INSERT INTO "auth_permission" VALUES(131,33,'delete_plantratamiento','Can delete Plan de Tratamiento');
INSERT INTO "auth_permission" VALUES(132,33,'view_plantratamiento','Can view Plan de Tratamiento');
INSERT INTO "auth_permission" VALUES(133,34,'add_plantratamientodetalle','Can add Detalle de Plan de Tratamiento');
INSERT INTO "auth_permission" VALUES(134,34,'change_plantratamientodetalle','Can change Detalle de Plan de Tratamiento');
INSERT INTO "auth_permission" VALUES(135,34,'delete_plantratamientodetalle','Can delete Detalle de Plan de Tratamiento');
INSERT INTO "auth_permission" VALUES(136,34,'view_plantratamientodetalle','Can view Detalle de Plan de Tratamiento');
INSERT INTO "auth_permission" VALUES(137,35,'add_presupuesto','Can add Presupuesto');
INSERT INTO "auth_permission" VALUES(138,35,'change_presupuesto','Can change Presupuesto');
INSERT INTO "auth_permission" VALUES(139,35,'delete_presupuesto','Can delete Presupuesto');
INSERT INTO "auth_permission" VALUES(140,35,'view_presupuesto','Can view Presupuesto');
INSERT INTO "auth_permission" VALUES(141,36,'add_presupuestodetalle','Can add Detalle de Presupuesto');
INSERT INTO "auth_permission" VALUES(142,36,'change_presupuestodetalle','Can change Detalle de Presupuesto');
INSERT INTO "auth_permission" VALUES(143,36,'delete_presupuestodetalle','Can delete Detalle de Presupuesto');
INSERT INTO "auth_permission" VALUES(144,36,'view_presupuestodetalle','Can view Detalle de Presupuesto');
INSERT INTO "auth_permission" VALUES(145,37,'add_mediopago','Can add Medio de Pago');
INSERT INTO "auth_permission" VALUES(146,37,'change_mediopago','Can change Medio de Pago');
INSERT INTO "auth_permission" VALUES(147,37,'delete_mediopago','Can delete Medio de Pago');
INSERT INTO "auth_permission" VALUES(148,37,'view_mediopago','Can view Medio de Pago');
INSERT INTO "auth_permission" VALUES(149,38,'add_pago','Can add Pago');
INSERT INTO "auth_permission" VALUES(150,38,'change_pago','Can change Pago');
INSERT INTO "auth_permission" VALUES(151,38,'delete_pago','Can delete Pago');
INSERT INTO "auth_permission" VALUES(152,38,'view_pago','Can view Pago');
INSERT INTO "auth_permission" VALUES(153,39,'add_tipomovimientocaja','Can add Tipo de Movimiento de Caja');
INSERT INTO "auth_permission" VALUES(154,39,'change_tipomovimientocaja','Can change Tipo de Movimiento de Caja');
INSERT INTO "auth_permission" VALUES(155,39,'delete_tipomovimientocaja','Can delete Tipo de Movimiento de Caja');
INSERT INTO "auth_permission" VALUES(156,39,'view_tipomovimientocaja','Can view Tipo de Movimiento de Caja');
INSERT INTO "auth_permission" VALUES(157,40,'add_caja','Can add Caja');
INSERT INTO "auth_permission" VALUES(158,40,'change_caja','Can change Caja');
INSERT INTO "auth_permission" VALUES(159,40,'delete_caja','Can delete Caja');
INSERT INTO "auth_permission" VALUES(160,40,'view_caja','Can view Caja');
INSERT INTO "auth_permission" VALUES(161,41,'add_movimientocaja','Can add Movimiento de Caja');
INSERT INTO "auth_permission" VALUES(162,41,'change_movimientocaja','Can change Movimiento de Caja');
INSERT INTO "auth_permission" VALUES(163,41,'delete_movimientocaja','Can delete Movimiento de Caja');
INSERT INTO "auth_permission" VALUES(164,41,'view_movimientocaja','Can view Movimiento de Caja');
INSERT INTO "auth_permission" VALUES(165,42,'add_bitacora','Can add Registro de Bitácora');
INSERT INTO "auth_permission" VALUES(166,42,'change_bitacora','Can change Registro de Bitácora');
INSERT INTO "auth_permission" VALUES(167,42,'delete_bitacora','Can delete Registro de Bitácora');
INSERT INTO "auth_permission" VALUES(168,42,'view_bitacora','Can view Registro de Bitácora');
INSERT INTO "auth_permission" VALUES(169,43,'add_tipoexamenimagenologico','Can add Tipo de Examen Imagenológico');
INSERT INTO "auth_permission" VALUES(170,43,'change_tipoexamenimagenologico','Can change Tipo de Examen Imagenológico');
INSERT INTO "auth_permission" VALUES(171,43,'delete_tipoexamenimagenologico','Can delete Tipo de Examen Imagenológico');
INSERT INTO "auth_permission" VALUES(172,43,'view_tipoexamenimagenologico','Can view Tipo de Examen Imagenológico');
INSERT INTO "auth_permission" VALUES(173,44,'add_archivoexamenimagenologico','Can add Archivo de Examen');
INSERT INTO "auth_permission" VALUES(174,44,'change_archivoexamenimagenologico','Can change Archivo de Examen');
INSERT INTO "auth_permission" VALUES(175,44,'delete_archivoexamenimagenologico','Can delete Archivo de Examen');
INSERT INTO "auth_permission" VALUES(176,44,'view_archivoexamenimagenologico','Can view Archivo de Examen');
INSERT INTO "auth_permission" VALUES(177,45,'add_accesoexamenimagenologico','Can add Auditoría de Acceso Imagenológico');
INSERT INTO "auth_permission" VALUES(178,45,'change_accesoexamenimagenologico','Can change Auditoría de Acceso Imagenológico');
INSERT INTO "auth_permission" VALUES(179,45,'delete_accesoexamenimagenologico','Can delete Auditoría de Acceso Imagenológico');
INSERT INTO "auth_permission" VALUES(180,45,'view_accesoexamenimagenologico','Can view Auditoría de Acceso Imagenológico');
INSERT INTO "auth_permission" VALUES(181,46,'add_examenimagenologico','Can add Examen Imagenológico');
INSERT INTO "auth_permission" VALUES(182,46,'change_examenimagenologico','Can change Examen Imagenológico');
INSERT INTO "auth_permission" VALUES(183,46,'delete_examenimagenologico','Can delete Examen Imagenológico');
INSERT INTO "auth_permission" VALUES(184,46,'view_examenimagenologico','Can view Examen Imagenológico');
INSERT INTO "auth_permission" VALUES(185,47,'add_observacionimagenologica','Can add Observación Imagenológica');
INSERT INTO "auth_permission" VALUES(186,47,'change_observacionimagenologica','Can change Observación Imagenológica');
INSERT INTO "auth_permission" VALUES(187,47,'delete_observacionimagenologica','Can delete Observación Imagenológica');
INSERT INTO "auth_permission" VALUES(188,47,'view_observacionimagenologica','Can view Observación Imagenológica');
INSERT INTO "auth_permission" VALUES(189,48,'add_historialodontograma','Can add historial odontograma');
INSERT INTO "auth_permission" VALUES(190,48,'change_historialodontograma','Can change historial odontograma');
INSERT INTO "auth_permission" VALUES(191,48,'delete_historialodontograma','Can delete historial odontograma');
INSERT INTO "auth_permission" VALUES(192,48,'view_historialodontograma','Can view historial odontograma');
INSERT INTO "auth_permission" VALUES(193,49,'add_odontogramapieza','Can add Estado de Pieza');
INSERT INTO "auth_permission" VALUES(194,49,'change_odontogramapieza','Can change Estado de Pieza');
INSERT INTO "auth_permission" VALUES(195,49,'delete_odontogramapieza','Can delete Estado de Pieza');
INSERT INTO "auth_permission" VALUES(196,49,'view_odontogramapieza','Can view Estado de Pieza');
INSERT INTO "auth_permission" VALUES(197,50,'add_odontogramaperiodontal','Can add odontograma periodontal');
INSERT INTO "auth_permission" VALUES(198,50,'change_odontogramaperiodontal','Can change odontograma periodontal');
INSERT INTO "auth_permission" VALUES(199,50,'delete_odontogramaperiodontal','Can delete odontograma periodontal');
INSERT INTO "auth_permission" VALUES(200,50,'view_odontogramaperiodontal','Can view odontograma periodontal');
INSERT INTO "auth_permission" VALUES(201,51,'add_odontogramaraiz','Can add odontograma raiz');
INSERT INTO "auth_permission" VALUES(202,51,'change_odontogramaraiz','Can change odontograma raiz');
INSERT INTO "auth_permission" VALUES(203,51,'delete_odontogramaraiz','Can delete odontograma raiz');
INSERT INTO "auth_permission" VALUES(204,51,'view_odontogramaraiz','Can view odontograma raiz');
CREATE TABLE "bitacora" ("id_bitacora" integer NOT NULL PRIMARY KEY AUTOINCREMENT, "modulo" varchar(50) NOT NULL, "accion" varchar(50) NOT NULL, "tabla_afectada" varchar(50) NOT NULL, "id_registro_afectado" varchar(50) NOT NULL, "descripcion" varchar(255) NULL, "fecha_evento" datetime NOT NULL, "ip_origen" varchar(45) NULL, "id_usuario" integer NOT NULL REFERENCES "usuarios" ("id_usuario") DEFERRABLE INITIALLY DEFERRED);
INSERT INTO "bitacora" VALUES(1,'accounts','login','usuarios','1','Inicio de sesión: admin','2026-04-28 02:30:17.553825','127.0.0.1',1);
INSERT INTO "bitacora" VALUES(2,'pacientes','creacion','pacientes','1','Paciente Vicente Matías Córdova López registrado (RUT: 17.884.879-8)','2026-04-28 02:45:02.158063','127.0.0.1',1);
INSERT INTO "bitacora" VALUES(3,'fichas','creacion','fichas_clinicas','1','Ficha FC-EFC3EE8D abierta para Vicente Matías Córdova López','2026-04-28 02:45:14.362957','127.0.0.1',1);
INSERT INTO "bitacora" VALUES(4,'odontograma','creacion','odontogramas','1','Odontograma v1 registrado','2026-04-28 02:47:14.521336','127.0.0.1',1);
INSERT INTO "bitacora" VALUES(5,'accounts','login','usuarios','1','Inicio de sesión: admin','2026-04-28 03:31:00.753728','127.0.0.1',1);
INSERT INTO "bitacora" VALUES(6,'accounts','login','usuarios','1','Inicio de sesión: admin','2026-04-28 04:17:22.142632','127.0.0.1',1);
INSERT INTO "bitacora" VALUES(7,'imagenologia','creacion','imagenologia_examenes','1','Creado examen Fotografía clínica para paciente Vicente Matías Córdova López','2026-04-28 04:22:51.816467','127.0.0.1',1);
INSERT INTO "bitacora" VALUES(8,'accounts','login','usuarios','1','Inicio de sesión: admin','2026-04-28 04:28:13.719072','127.0.0.1',1);
INSERT INTO "bitacora" VALUES(9,'odontograma','creacion','odontogramas','2','Odontograma v2 creado para edición avanzada','2026-04-28 04:28:16.535566','127.0.0.1',1);
INSERT INTO "bitacora" VALUES(10,'odontograma','creacion','odontogramas','3','Odontograma v3 creado para edición avanzada','2026-04-28 04:28:42.463502','127.0.0.1',1);
INSERT INTO "bitacora" VALUES(11,'odontograma','creacion','odontogramas','4','Odontograma v4 creado para edición avanzada','2026-04-28 04:30:50.277854','127.0.0.1',1);
INSERT INTO "bitacora" VALUES(12,'odontograma','creacion','odontogramas','5','Odontograma v5 registrado','2026-04-28 04:33:51.379671','127.0.0.1',1);
INSERT INTO "bitacora" VALUES(13,'odontograma','creacion','odontogramas','6','Odontograma v6 creado para edición avanzada','2026-04-28 04:37:43.236648','127.0.0.1',1);
INSERT INTO "bitacora" VALUES(14,'accounts','login','usuarios','1','Inicio de sesión: admin','2026-04-28 22:07:53.459752','127.0.0.1',1);
INSERT INTO "bitacora" VALUES(15,'odontograma','creacion','odontogramas','7','Odontograma v7 creado para edición avanzada','2026-04-28 22:07:53.492722','127.0.0.1',1);
CREATE TABLE "box" ("id_box" integer NOT NULL PRIMARY KEY AUTOINCREMENT, "nombre" varchar(50) NOT NULL UNIQUE, "ubicacion" varchar(100) NULL, "descripcion" varchar(150) NULL, "estado_box" varchar(20) NOT NULL);
CREATE TABLE "cajas" ("id_caja" integer NOT NULL PRIMARY KEY AUTOINCREMENT, "fecha_apertura" datetime NOT NULL, "fecha_cierre" datetime NULL, "monto_inicial" decimal NOT NULL, "monto_final" decimal NULL, "estado_caja" varchar(20) NOT NULL, "id_usuario_apertura" integer NOT NULL REFERENCES "usuarios" ("id_usuario") DEFERRABLE INITIALLY DEFERRED, "id_usuario_cierre" integer NULL REFERENCES "usuarios" ("id_usuario") DEFERRABLE INITIALLY DEFERRED);
CREATE TABLE "caras_dentales" ("id_cara_dental" integer NOT NULL PRIMARY KEY AUTOINCREMENT, "nombre" varchar(30) NOT NULL UNIQUE);
CREATE TABLE "catalogo_antecedentes" ("id_catalogo_antecedente" integer NOT NULL PRIMARY KEY AUTOINCREMENT, "tipo_antecedente" varchar(30) NOT NULL, "nombre" varchar(120) NOT NULL, "descripcion" varchar(200) NULL, "estado_antecedente" varchar(20) NOT NULL);
CREATE TABLE "citas" ("id_cita" integer NOT NULL PRIMARY KEY AUTOINCREMENT, "fecha_hora_inicio" datetime NOT NULL, "fecha_hora_fin" datetime NOT NULL, "motivo_consulta" varchar(200) NULL, "observaciones" text NULL, "fecha_creacion" datetime NOT NULL, "fecha_actualizacion" datetime NOT NULL, "id_box" integer NOT NULL REFERENCES "box" ("id_box") DEFERRABLE INITIALLY DEFERRED, "id_odontologo" integer NOT NULL REFERENCES "odontologos" ("id_odontologo") DEFERRABLE INITIALLY DEFERRED, "id_paciente" integer NOT NULL REFERENCES "pacientes" ("id_paciente") DEFERRABLE INITIALLY DEFERRED, "id_usuario_registra" integer NOT NULL REFERENCES "usuarios" ("id_usuario") DEFERRABLE INITIALLY DEFERRED, "id_estado_cita" integer NOT NULL REFERENCES "estados_cita" ("id_estado_cita") DEFERRABLE INITIALLY DEFERRED, "id_tipo_atencion" integer NOT NULL REFERENCES "tipos_atencion" ("id_tipo_atencion") DEFERRABLE INITIALLY DEFERRED);
CREATE TABLE "condiciones_odontologicas" ("id_condicion" integer NOT NULL PRIMARY KEY AUTOINCREMENT, "nombre" varchar(50) NOT NULL UNIQUE, "descripcion" varchar(150) NULL, "estado_condicion" varchar(20) NOT NULL);
CREATE TABLE "django_admin_log" ("id" integer NOT NULL PRIMARY KEY AUTOINCREMENT, "object_id" text NULL, "object_repr" varchar(200) NOT NULL, "action_flag" smallint unsigned NOT NULL CHECK ("action_flag" >= 0), "change_message" text NOT NULL, "content_type_id" integer NULL REFERENCES "django_content_type" ("id") DEFERRABLE INITIALLY DEFERRED, "user_id" integer NOT NULL REFERENCES "usuarios" ("id_usuario") DEFERRABLE INITIALLY DEFERRED, "action_time" datetime NOT NULL);
CREATE TABLE "django_content_type" ("id" integer NOT NULL PRIMARY KEY AUTOINCREMENT, "app_label" varchar(100) NOT NULL, "model" varchar(100) NOT NULL);
INSERT INTO "django_content_type" VALUES(1,'admin','logentry');
INSERT INTO "django_content_type" VALUES(2,'auth','permission');
INSERT INTO "django_content_type" VALUES(3,'auth','group');
INSERT INTO "django_content_type" VALUES(4,'contenttypes','contenttype');
INSERT INTO "django_content_type" VALUES(5,'sessions','session');
INSERT INTO "django_content_type" VALUES(6,'accounts','rol');
INSERT INTO "django_content_type" VALUES(7,'accounts','usuario');
INSERT INTO "django_content_type" VALUES(8,'accounts','usuariorol');
INSERT INTO "django_content_type" VALUES(9,'personas','sexo');
INSERT INTO "django_content_type" VALUES(10,'personas','persona');
INSERT INTO "django_content_type" VALUES(11,'pacientes','paciente');
INSERT INTO "django_content_type" VALUES(12,'odontologos','especialidad');
INSERT INTO "django_content_type" VALUES(13,'odontologos','odontologo');
INSERT INTO "django_content_type" VALUES(14,'odontologos','odontologoespecialidad');
INSERT INTO "django_content_type" VALUES(15,'odontologos','horarioodontologo');
INSERT INTO "django_content_type" VALUES(16,'agenda','box');
INSERT INTO "django_content_type" VALUES(17,'agenda','estadocita');
INSERT INTO "django_content_type" VALUES(18,'agenda','tipoatencion');
INSERT INTO "django_content_type" VALUES(19,'agenda','cita');
INSERT INTO "django_content_type" VALUES(20,'agenda','historialcita');
INSERT INTO "django_content_type" VALUES(21,'fichas','evolucionclinica');
INSERT INTO "django_content_type" VALUES(22,'fichas','adjuntoclinico');
INSERT INTO "django_content_type" VALUES(23,'fichas','fichaclinica');
INSERT INTO "django_content_type" VALUES(24,'antecedentes','catalogoantecedente');
INSERT INTO "django_content_type" VALUES(25,'antecedentes','registroantecedentesmedicos');
INSERT INTO "django_content_type" VALUES(26,'antecedentes','registroantecedentedetalle');
INSERT INTO "django_content_type" VALUES(27,'odontograma','caradental');
INSERT INTO "django_content_type" VALUES(28,'odontograma','condicionodontologica');
INSERT INTO "django_content_type" VALUES(29,'odontograma','piezadental');
INSERT INTO "django_content_type" VALUES(30,'odontograma','odontograma');
INSERT INTO "django_content_type" VALUES(31,'odontograma','odontogramadetalle');
INSERT INTO "django_content_type" VALUES(32,'tratamientos','tratamiento');
INSERT INTO "django_content_type" VALUES(33,'tratamientos','plantratamiento');
INSERT INTO "django_content_type" VALUES(34,'tratamientos','plantratamientodetalle');
INSERT INTO "django_content_type" VALUES(35,'presupuestos','presupuesto');
INSERT INTO "django_content_type" VALUES(36,'presupuestos','presupuestodetalle');
INSERT INTO "django_content_type" VALUES(37,'pagos','mediopago');
INSERT INTO "django_content_type" VALUES(38,'pagos','pago');
INSERT INTO "django_content_type" VALUES(39,'caja','tipomovimientocaja');
INSERT INTO "django_content_type" VALUES(40,'caja','caja');
INSERT INTO "django_content_type" VALUES(41,'caja','movimientocaja');
INSERT INTO "django_content_type" VALUES(42,'auditoria','bitacora');
INSERT INTO "django_content_type" VALUES(43,'imagenologia','tipoexamenimagenologico');
INSERT INTO "django_content_type" VALUES(44,'imagenologia','archivoexamenimagenologico');
INSERT INTO "django_content_type" VALUES(45,'imagenologia','accesoexamenimagenologico');
INSERT INTO "django_content_type" VALUES(46,'imagenologia','examenimagenologico');
INSERT INTO "django_content_type" VALUES(47,'imagenologia','observacionimagenologica');
INSERT INTO "django_content_type" VALUES(48,'odontograma','historialodontograma');
INSERT INTO "django_content_type" VALUES(49,'odontograma','odontogramapieza');
INSERT INTO "django_content_type" VALUES(50,'odontograma','odontogramaperiodontal');
INSERT INTO "django_content_type" VALUES(51,'odontograma','odontogramaraiz');
CREATE TABLE "django_migrations" ("id" integer NOT NULL PRIMARY KEY AUTOINCREMENT, "app" varchar(255) NOT NULL, "name" varchar(255) NOT NULL, "applied" datetime NOT NULL);
INSERT INTO "django_migrations" VALUES(1,'personas','0001_initial','2026-04-28 02:21:46.961733');
INSERT INTO "django_migrations" VALUES(2,'accounts','0001_initial','2026-04-28 02:21:46.981284');
INSERT INTO "django_migrations" VALUES(3,'contenttypes','0001_initial','2026-04-28 02:21:46.990397');
INSERT INTO "django_migrations" VALUES(4,'admin','0001_initial','2026-04-28 02:21:47.006377');
INSERT INTO "django_migrations" VALUES(5,'admin','0002_logentry_remove_auto_add','2026-04-28 02:21:47.021570');
INSERT INTO "django_migrations" VALUES(6,'admin','0003_logentry_add_action_flag_choices','2026-04-28 02:21:47.034115');
INSERT INTO "django_migrations" VALUES(7,'pacientes','0001_initial','2026-04-28 02:21:47.047255');
INSERT INTO "django_migrations" VALUES(8,'odontologos','0001_initial','2026-04-28 02:21:47.087746');
INSERT INTO "django_migrations" VALUES(9,'agenda','0001_initial','2026-04-28 02:21:47.181236');
INSERT INTO "django_migrations" VALUES(10,'antecedentes','0001_initial','2026-04-28 02:21:47.259621');
INSERT INTO "django_migrations" VALUES(11,'auditoria','0001_initial','2026-04-28 02:21:47.287988');
INSERT INTO "django_migrations" VALUES(12,'contenttypes','0002_remove_content_type_name','2026-04-28 02:21:47.324061');
INSERT INTO "django_migrations" VALUES(13,'auth','0001_initial','2026-04-28 02:21:47.380016');
INSERT INTO "django_migrations" VALUES(14,'auth','0002_alter_permission_name_max_length','2026-04-28 02:21:47.405667');
INSERT INTO "django_migrations" VALUES(15,'auth','0003_alter_user_email_max_length','2026-04-28 02:21:47.414847');
INSERT INTO "django_migrations" VALUES(16,'auth','0004_alter_user_username_opts','2026-04-28 02:21:47.425586');
INSERT INTO "django_migrations" VALUES(17,'auth','0005_alter_user_last_login_null','2026-04-28 02:21:47.435409');
INSERT INTO "django_migrations" VALUES(18,'auth','0006_require_contenttypes_0002','2026-04-28 02:21:47.442134');
INSERT INTO "django_migrations" VALUES(19,'auth','0007_alter_validators_add_error_messages','2026-04-28 02:21:47.452150');
INSERT INTO "django_migrations" VALUES(20,'auth','0008_alter_user_username_max_length','2026-04-28 02:21:47.462542');
INSERT INTO "django_migrations" VALUES(21,'auth','0009_alter_user_last_name_max_length','2026-04-28 02:21:47.472228');
INSERT INTO "django_migrations" VALUES(22,'auth','0010_alter_group_name_max_length','2026-04-28 02:21:47.495606');
INSERT INTO "django_migrations" VALUES(23,'auth','0011_update_proxy_permissions','2026-04-28 02:21:47.515598');
INSERT INTO "django_migrations" VALUES(24,'auth','0012_alter_user_first_name_max_length','2026-04-28 02:21:47.525468');
INSERT INTO "django_migrations" VALUES(25,'fichas','0001_initial','2026-04-28 02:21:47.594237');
INSERT INTO "django_migrations" VALUES(26,'odontograma','0001_initial','2026-04-28 02:21:47.649390');
INSERT INTO "django_migrations" VALUES(27,'tratamientos','0001_initial','2026-04-28 02:21:47.735787');
INSERT INTO "django_migrations" VALUES(28,'presupuestos','0001_initial','2026-04-28 02:21:47.817255');
INSERT INTO "django_migrations" VALUES(29,'pagos','0001_initial','2026-04-28 02:21:47.857245');
INSERT INTO "django_migrations" VALUES(30,'caja','0001_initial','2026-04-28 02:21:47.985730');
INSERT INTO "django_migrations" VALUES(31,'sessions','0001_initial','2026-04-28 02:21:47.998801');
INSERT INTO "django_migrations" VALUES(32,'imagenologia','0001_initial','2026-04-28 03:09:12.069352');
INSERT INTO "django_migrations" VALUES(33,'odontograma','0002_historialodontograma_odontogramapieza_and_more','2026-04-28 04:12:10.329868');
CREATE TABLE "django_session" ("session_key" varchar(40) NOT NULL PRIMARY KEY, "session_data" text NOT NULL, "expire_date" datetime NOT NULL);
INSERT INTO "django_session" VALUES('4t6gjbypdv25uwzmsh5a4hhsp4hqoaun','.eJxVi0sOwiAQQO8ya9MUplDoTj0IGWYgGGPbCKyMdzcmXej2fV4QqLcSek3PcBNYQMHpl0Xie1q_gva9DsS89bXV4eB1uPbatse5t3I50r-_UC2wwDTO3s9Ku-yUjzFNMVuDaDWJzIbEMgrriKTRZ_Y8jomM0lYLRiPo4P0BteY3uQ:1wHYDJ:v3qeejOoQpi1FoYUJh522uTqTUS_ZzpYHBp5R8UVLfM','2026-04-28 10:30:17.559232');
INSERT INTO "django_session" VALUES('zhx6jmx8i9rlhz6yz00t8sqtn758l7vm','.eJxVi0sOwiAQQO8ya9MUplDoTj0IGWYgGGPbCKyMdzcmXej2fV4QqLcSek3PcBNYQMHpl0Xie1q_gva9DsS89bXV4eB1uPbatse5t3I50r-_UC2wwDTO3s9Ku-yUjzFNMVuDaDWJzIbEMgrriKTRZ_Y8jomM0lYLRiPo4P0BteY3uQ:1wHZA4:NV9738M52lQo8D1Q-shJYaUY60IflaKpFMVvICinb4s','2026-04-28 11:31:00.760449');
INSERT INTO "django_session" VALUES('akpet8piio70dvpnlcc5vng8yxymobfu','.eJxVi0sOwiAQQO8ya9MUplDoTj0IGWYgGGPbCKyMdzcmXej2fV4QqLcSek3PcBNYQMHpl0Xie1q_gva9DsS89bXV4eB1uPbatse5t3I50r-_UC2wwDTO3s9Ku-yUjzFNMVuDaDWJzIbEMgrriKTRZ_Y8jomM0lYLRiPo4P0BteY3uQ:1wHZsw:n8zuKuc8aHXku5Xfm7AMht4z3MeVR4enSudiCPdQS_I','2026-04-28 12:17:22.149059');
INSERT INTO "django_session" VALUES('sk73jyark8sly6r62ls8gxfora1y2gpt','.eJxVi0sOwiAQQO8ya9MUplDoTj0IGWYgGGPbCKyMdzcmXej2fV4QqLcSek3PcBNYQMHpl0Xie1q_gva9DsS89bXV4eB1uPbatse5t3I50r-_UC2wwDTO3s9Ku-yUjzFNMVuDaDWJzIbEMgrriKTRZ_Y8jomM0lYLRiPo4P0BteY3uQ:1wHa3R:4ExnEeioJbjegpvN2g2oSXHEktu1wDUqL7NUXew0WCc','2026-04-28 12:28:13.725129');
INSERT INTO "django_session" VALUES('9z5flei99dl6cm2uvlc6rebot162mau9','.eJxVi0sOwiAQQO8ya9MUplDoTj0IGWYgGGPbCKyMdzcmXej2fV4QqLcSek3PcBNYQMHpl0Xie1q_gva9DsS89bXV4eB1uPbatse5t3I50r-_UC2wwDTO3s9Ku-yUjzFNMVuDaDWJzIbEMgrriKTRZ_Y8jomM0lYLRiPo4P0BteY3uQ:1wHqav:PSX90Xqe9wRhHV_vSACAoMTl08cEYNmZG3OypuQIh3c','2026-04-29 06:07:53.468720');
CREATE TABLE "especialidades" ("id_especialidad" integer NOT NULL PRIMARY KEY AUTOINCREMENT, "nombre" varchar(80) NOT NULL UNIQUE, "descripcion" varchar(150) NULL, "estado_especialidad" varchar(20) NOT NULL);
CREATE TABLE "estados_cita" ("id_estado_cita" integer NOT NULL PRIMARY KEY AUTOINCREMENT, "nombre" varchar(30) NOT NULL UNIQUE, "descripcion" varchar(100) NULL);
CREATE TABLE "evoluciones_clinicas" ("id_evolucion" integer NOT NULL PRIMARY KEY AUTOINCREMENT, "fecha_evolucion" datetime NOT NULL, "anamnesis" text NULL, "diagnostico" text NULL, "indicaciones" text NULL, "observaciones" text NULL, "id_cita" integer NOT NULL UNIQUE REFERENCES "citas" ("id_cita") DEFERRABLE INITIALLY DEFERRED);
CREATE TABLE "fichas_clinicas" ("id_ficha_clinica" integer NOT NULL PRIMARY KEY AUTOINCREMENT, "numero_ficha" varchar(30) NOT NULL UNIQUE, "fecha_apertura" date NOT NULL, "estado_ficha" varchar(20) NOT NULL, "observaciones_clinicas_generales" text NULL, "id_paciente" integer NOT NULL UNIQUE REFERENCES "pacientes" ("id_paciente") DEFERRABLE INITIALLY DEFERRED);
INSERT INTO "fichas_clinicas" VALUES(1,'FC-EFC3EE8D','2026-04-27','activa',NULL,1);
CREATE TABLE "historial_citas" ("id_historial_cita" integer NOT NULL PRIMARY KEY AUTOINCREMENT, "motivo_cambio" varchar(200) NULL, "fecha_cambio" datetime NOT NULL, "id_cita" integer NOT NULL REFERENCES "citas" ("id_cita") DEFERRABLE INITIALLY DEFERRED, "id_estado_anterior" integer NULL REFERENCES "estados_cita" ("id_estado_cita") DEFERRABLE INITIALLY DEFERRED, "id_estado_nuevo" integer NOT NULL REFERENCES "estados_cita" ("id_estado_cita") DEFERRABLE INITIALLY DEFERRED, "id_usuario_responsable" integer NOT NULL REFERENCES "usuarios" ("id_usuario") DEFERRABLE INITIALLY DEFERRED);
CREATE TABLE "horarios_odontologo" ("id_horario" integer NOT NULL PRIMARY KEY AUTOINCREMENT, "dia_semana" smallint unsigned NOT NULL CHECK ("dia_semana" >= 0), "hora_inicio" time NOT NULL, "hora_fin" time NOT NULL, "estado_horario" varchar(20) NOT NULL, "id_odontologo" integer NOT NULL REFERENCES "odontologos" ("id_odontologo") DEFERRABLE INITIALLY DEFERRED);
CREATE TABLE "imagenologia_accesos_auditoria" ("id_acceso" integer NOT NULL PRIMARY KEY AUTOINCREMENT, "accion" varchar(20) NOT NULL, "fecha_acceso" datetime NOT NULL, "ip_usuario" char(39) NULL, "usuario_id" integer NOT NULL REFERENCES "usuarios" ("id_usuario") DEFERRABLE INITIALLY DEFERRED, "archivo_id" integer NOT NULL REFERENCES "imagenologia_archivos" ("id_archivo") DEFERRABLE INITIALLY DEFERRED);
CREATE TABLE "imagenologia_archivos" ("id_archivo" integer NOT NULL PRIMARY KEY AUTOINCREMENT, "archivo" varchar(500) NOT NULL, "nombre_original" varchar(255) NOT NULL, "extension" varchar(20) NOT NULL, "tipo_mime" varchar(100) NOT NULL, "peso_bytes" bigint NOT NULL, "es_principal" bool NOT NULL, "estado" varchar(20) NOT NULL, "fecha_subida" datetime NOT NULL, "subido_por_id" integer NOT NULL REFERENCES "usuarios" ("id_usuario") DEFERRABLE INITIALLY DEFERRED, "examen_id" integer NOT NULL REFERENCES "imagenologia_examenes" ("id_examen") DEFERRABLE INITIALLY DEFERRED);
CREATE TABLE "imagenologia_examenes" ("id_examen" integer NOT NULL PRIMARY KEY AUTOINCREMENT, "fecha_examen" date NOT NULL, "centro_radiologico" varchar(150) NULL, "titulo" varchar(200) NULL, "descripcion" text NULL, "observacion_clinica" text NULL, "estado" varchar(20) NOT NULL, "fecha_creacion" datetime NOT NULL, "fecha_modificacion" datetime NOT NULL, "study_instance_uid" varchar(255) NULL, "orthanc_study_id" varchar(255) NULL, "cita_id" integer NULL REFERENCES "citas" ("id_cita") DEFERRABLE INITIALLY DEFERRED, "creado_por_id" integer NOT NULL REFERENCES "usuarios" ("id_usuario") DEFERRABLE INITIALLY DEFERRED, "evolucion_id" integer NULL REFERENCES "evoluciones_clinicas" ("id_evolucion") DEFERRABLE INITIALLY DEFERRED, "ficha_clinica_id" integer NULL REFERENCES "fichas_clinicas" ("id_ficha_clinica") DEFERRABLE INITIALLY DEFERRED, "paciente_id" integer NOT NULL REFERENCES "pacientes" ("id_paciente") DEFERRABLE INITIALLY DEFERRED, "solicitado_por_id" integer NULL REFERENCES "odontologos" ("id_odontologo") DEFERRABLE INITIALLY DEFERRED, "tipo_examen_id" integer NOT NULL REFERENCES "imagenologia_tipos_examen" ("id_tipo_examen") DEFERRABLE INITIALLY DEFERRED);
INSERT INTO "imagenologia_examenes" VALUES(1,'2026-04-28',NULL,NULL,'','','finalizado','2026-04-28 04:22:51.808332','2026-04-28 04:22:51.814041',NULL,NULL,NULL,1,NULL,NULL,1,NULL,4);
CREATE TABLE "imagenologia_observaciones" ("id_observacion" integer NOT NULL PRIMARY KEY AUTOINCREMENT, "observacion" text NOT NULL, "fecha_observacion" datetime NOT NULL, "examen_id" integer NOT NULL REFERENCES "imagenologia_examenes" ("id_examen") DEFERRABLE INITIALLY DEFERRED, "usuario_id" integer NOT NULL REFERENCES "usuarios" ("id_usuario") DEFERRABLE INITIALLY DEFERRED);
CREATE TABLE "imagenologia_tipos_examen" ("id_tipo_examen" integer NOT NULL PRIMARY KEY AUTOINCREMENT, "nombre" varchar(100) NOT NULL UNIQUE, "descripcion" varchar(255) NULL, "estado" varchar(20) NOT NULL, "fecha_creacion" datetime NOT NULL, "fecha_modificacion" datetime NOT NULL);
INSERT INTO "imagenologia_tipos_examen" VALUES(1,'Radiografía panorámica',NULL,'activo','2026-04-28 03:12:32.052186','2026-04-28 03:12:32.052347');
INSERT INTO "imagenologia_tipos_examen" VALUES(2,'Radiografía periapical',NULL,'activo','2026-04-28 03:12:32.059148','2026-04-28 03:12:32.059259');
INSERT INTO "imagenologia_tipos_examen" VALUES(3,'Radiografía bitewing',NULL,'activo','2026-04-28 03:12:32.065686','2026-04-28 03:12:32.065769');
INSERT INTO "imagenologia_tipos_examen" VALUES(4,'Fotografía clínica',NULL,'activo','2026-04-28 03:12:32.071735','2026-04-28 03:12:32.071822');
INSERT INTO "imagenologia_tipos_examen" VALUES(5,'Informe PDF',NULL,'activo','2026-04-28 03:12:32.078031','2026-04-28 03:12:32.078115');
INSERT INTO "imagenologia_tipos_examen" VALUES(6,'CBCT / Cone Beam','','activo','2026-04-28 03:12:32.084113','2026-04-28 03:22:21.541453');
INSERT INTO "imagenologia_tipos_examen" VALUES(7,'DICOM',NULL,'activo','2026-04-28 03:12:32.090666','2026-04-28 03:12:32.090749');
INSERT INTO "imagenologia_tipos_examen" VALUES(8,'Otro',NULL,'activo','2026-04-28 03:12:32.097090','2026-04-28 03:12:32.097172');
CREATE TABLE "medios_pago" ("id_medio_pago" integer NOT NULL PRIMARY KEY AUTOINCREMENT, "nombre" varchar(50) NOT NULL UNIQUE, "descripcion" varchar(100) NULL, "estado_medio_pago" varchar(20) NOT NULL);
CREATE TABLE "movimientos_caja" ("id_movimiento_caja" integer NOT NULL PRIMARY KEY AUTOINCREMENT, "descripcion" varchar(150) NULL, "monto" decimal NOT NULL, "fecha_movimiento" datetime NOT NULL, "id_caja" integer NOT NULL REFERENCES "cajas" ("id_caja") DEFERRABLE INITIALLY DEFERRED, "id_pago" integer NULL UNIQUE REFERENCES "pagos" ("id_pago") DEFERRABLE INITIALLY DEFERRED, "id_usuario_registra" integer NOT NULL REFERENCES "usuarios" ("id_usuario") DEFERRABLE INITIALLY DEFERRED, "id_tipo_movimiento" integer NOT NULL REFERENCES "tipos_movimiento_caja" ("id_tipo_movimiento") DEFERRABLE INITIALLY DEFERRED);
CREATE TABLE "odontograma_detalle" ("id_odontograma_detalle" integer NOT NULL PRIMARY KEY AUTOINCREMENT, "observacion" varchar(150) NULL, "id_cara_dental" integer NOT NULL REFERENCES "caras_dentales" ("id_cara_dental") DEFERRABLE INITIALLY DEFERRED, "id_condicion" integer NOT NULL REFERENCES "condiciones_odontologicas" ("id_condicion") DEFERRABLE INITIALLY DEFERRED, "id_odontograma" integer NOT NULL REFERENCES "odontogramas" ("id_odontograma") DEFERRABLE INITIALLY DEFERRED, "codigo_pieza_dental" varchar(10) NOT NULL REFERENCES "piezas_dentales" ("codigo_pieza_dental") DEFERRABLE INITIALLY DEFERRED);
CREATE TABLE "odontograma_historial" ("id" integer NOT NULL PRIMARY KEY AUTOINCREMENT, "tipo_cambio" varchar(50) NOT NULL, "detalle_cambio" text NOT NULL, "fecha" datetime NOT NULL, "odontograma_id" integer NOT NULL REFERENCES "odontogramas" ("id_odontograma") DEFERRABLE INITIALLY DEFERRED, "pieza_dental_id" varchar(10) NOT NULL REFERENCES "piezas_dentales" ("codigo_pieza_dental") DEFERRABLE INITIALLY DEFERRED, "usuario_id" integer NULL REFERENCES "usuarios" ("id_usuario") DEFERRABLE INITIALLY DEFERRED);
CREATE TABLE "odontograma_periodontal" ("id" integer NOT NULL PRIMARY KEY AUTOINCREMENT, "movilidad" varchar(20) NULL, "profundidad_sondaje" varchar(50) NULL, "recesion" varchar(50) NULL, "sangrado" bool NOT NULL, "placa" bool NOT NULL, "supuracion" bool NOT NULL, "furca" varchar(20) NULL, "observacion" text NULL, "pieza_id" integer NOT NULL UNIQUE REFERENCES "odontograma_pieza" ("id") DEFERRABLE INITIALLY DEFERRED);
CREATE TABLE "odontograma_pieza" ("id" integer NOT NULL PRIMARY KEY AUTOINCREMENT, "estado_general" varchar(30) NOT NULL, "observacion" text NULL, "fecha_actualizacion" datetime NOT NULL, "codigo_pieza_dental_id" varchar(10) NOT NULL REFERENCES "piezas_dentales" ("codigo_pieza_dental") DEFERRABLE INITIALLY DEFERRED, "odontograma_id" integer NOT NULL REFERENCES "odontogramas" ("id_odontograma") DEFERRABLE INITIALLY DEFERRED);
CREATE TABLE "odontograma_raiz" ("id" integer NOT NULL PRIMARY KEY AUTOINCREMENT, "raiz" varchar(20) NOT NULL, "tercio" varchar(20) NOT NULL, "observacion" varchar(150) NULL, "id_condicion_id" integer NULL REFERENCES "condiciones_odontologicas" ("id_condicion") DEFERRABLE INITIALLY DEFERRED, "pieza_id" integer NOT NULL REFERENCES "odontograma_pieza" ("id") DEFERRABLE INITIALLY DEFERRED);
CREATE TABLE "odontogramas" ("id_odontograma" integer NOT NULL PRIMARY KEY AUTOINCREMENT, "version" smallint unsigned NOT NULL CHECK ("version" >= 0), "fecha_registro" datetime NOT NULL, "descripcion_general" text NULL, "estado_odontograma" varchar(20) NOT NULL, "id_ficha_clinica" integer NOT NULL REFERENCES "fichas_clinicas" ("id_ficha_clinica") DEFERRABLE INITIALLY DEFERRED);
INSERT INTO "odontogramas" VALUES(1,1,'2026-04-28 02:47:14.513040','','activo',1);
INSERT INTO "odontogramas" VALUES(2,2,'2026-04-28 04:28:16.527315','Odontograma nuevo','activo',1);
INSERT INTO "odontogramas" VALUES(3,3,'2026-04-28 04:28:42.453721','Odontograma nuevo','activo',1);
INSERT INTO "odontogramas" VALUES(4,4,'2026-04-28 04:30:50.268870','Odontograma nuevo','activo',1);
INSERT INTO "odontogramas" VALUES(5,5,'2026-04-28 04:33:51.370412','','activo',1);
INSERT INTO "odontogramas" VALUES(6,6,'2026-04-28 04:37:43.219480','Odontograma nuevo','activo',1);
INSERT INTO "odontogramas" VALUES(7,7,'2026-04-28 22:07:53.486010','Odontograma nuevo','activo',1);
CREATE TABLE "odontologo_especialidad" ("id" integer NOT NULL PRIMARY KEY AUTOINCREMENT, "es_principal" bool NOT NULL, "id_especialidad" integer NOT NULL REFERENCES "especialidades" ("id_especialidad") DEFERRABLE INITIALLY DEFERRED, "id_odontologo" integer NOT NULL REFERENCES "odontologos" ("id_odontologo") DEFERRABLE INITIALLY DEFERRED);
CREATE TABLE "odontologos" ("id_odontologo" integer NOT NULL PRIMARY KEY AUTOINCREMENT, "numero_registro" varchar(30) NOT NULL UNIQUE, "duracion_cita_base_min" smallint unsigned NOT NULL CHECK ("duracion_cita_base_min" >= 0), "estado_profesional" varchar(20) NOT NULL, "id_usuario" integer NOT NULL UNIQUE REFERENCES "usuarios" ("id_usuario") DEFERRABLE INITIALLY DEFERRED);
CREATE TABLE "pacientes" ("id_paciente" integer NOT NULL PRIMARY KEY AUTOINCREMENT, "contacto_emergencia_nombre" varchar(120) NULL, "contacto_emergencia_telefono" varchar(20) NULL, "observaciones_administrativas" text NULL, "fecha_registro" datetime NOT NULL, "id_persona" integer NOT NULL UNIQUE REFERENCES "personas" ("id_persona") DEFERRABLE INITIALLY DEFERRED);
INSERT INTO "pacientes" VALUES(1,'Maria Fuentes Manfredi','978945612','','2026-04-28 02:45:02.137428',2);
CREATE TABLE "pagos" ("id_pago" integer NOT NULL PRIMARY KEY AUTOINCREMENT, "fecha_pago" datetime NOT NULL, "monto" decimal NOT NULL, "numero_comprobante" varchar(50) NULL UNIQUE, "estado_pago" varchar(20) NOT NULL, "id_medio_pago" integer NOT NULL REFERENCES "medios_pago" ("id_medio_pago") DEFERRABLE INITIALLY DEFERRED, "id_presupuesto" integer NOT NULL REFERENCES "presupuestos" ("id_presupuesto") DEFERRABLE INITIALLY DEFERRED, "id_usuario_registra" integer NOT NULL REFERENCES "usuarios" ("id_usuario") DEFERRABLE INITIALLY DEFERRED);
CREATE TABLE "personas" ("id_persona" integer NOT NULL PRIMARY KEY AUTOINCREMENT, "rut" varchar(12) NOT NULL UNIQUE, "nombres" varchar(80) NOT NULL, "apellido_paterno" varchar(50) NOT NULL, "apellido_materno" varchar(50) NULL, "fecha_nacimiento" date NULL, "correo" varchar(120) NULL UNIQUE, "telefono" varchar(20) NULL, "direccion" varchar(150) NULL, "comuna" varchar(80) NULL, "ciudad" varchar(80) NULL, "estado_persona" varchar(20) NOT NULL, "fecha_creacion" datetime NOT NULL, "fecha_actualizacion" datetime NOT NULL, "id_sexo" integer NULL REFERENCES "sexos" ("id_sexo") DEFERRABLE INITIALLY DEFERRED);
INSERT INTO "personas" VALUES(1,'11111111-1','Admin','Sistema',NULL,NULL,NULL,NULL,NULL,NULL,NULL,'activo','2026-04-28 02:29:18.051314','2026-04-28 02:29:18.051488',1);
INSERT INTO "personas" VALUES(2,'17.884.879-8','Vicente Matías','Córdova','López','1992-08-12','vicente.cordova.p@gmail.com','+56911111111','Jaime artus 355','Linares','Linares','activo','2026-04-28 02:45:02.137190','2026-04-28 02:45:02.146357',1);
CREATE TABLE "piezas_dentales" ("codigo_pieza_dental" varchar(10) NOT NULL PRIMARY KEY, "descripcion" varchar(100) NOT NULL, "estado_pieza" varchar(20) NOT NULL);
CREATE TABLE "plan_tratamiento_detalle" ("id_plan_detalle" integer NOT NULL PRIMARY KEY AUTOINCREMENT, "cantidad" integer unsigned NOT NULL CHECK ("cantidad" >= 0), "valor_unitario" decimal NOT NULL, "estado_detalle" varchar(20) NOT NULL, "nivel_prioridad" smallint unsigned NULL CHECK ("nivel_prioridad" >= 0), "observaciones" varchar(200) NULL, "codigo_pieza_dental" varchar(10) NULL REFERENCES "piezas_dentales" ("codigo_pieza_dental") DEFERRABLE INITIALLY DEFERRED, "id_plan_tratamiento" integer NOT NULL REFERENCES "planes_tratamiento" ("id_plan_tratamiento") DEFERRABLE INITIALLY DEFERRED, "id_tratamiento" integer NOT NULL REFERENCES "tratamientos" ("id_tratamiento") DEFERRABLE INITIALLY DEFERRED);
CREATE TABLE "planes_tratamiento" ("id_plan_tratamiento" integer NOT NULL PRIMARY KEY AUTOINCREMENT, "fecha_creacion" datetime NOT NULL, "estado_plan" varchar(20) NOT NULL, "observaciones" text NULL, "id_ficha_clinica" integer NOT NULL REFERENCES "fichas_clinicas" ("id_ficha_clinica") DEFERRABLE INITIALLY DEFERRED, "id_odontologo" integer NOT NULL REFERENCES "odontologos" ("id_odontologo") DEFERRABLE INITIALLY DEFERRED);
CREATE TABLE "presupuesto_detalle" ("id_presupuesto_detalle" integer NOT NULL PRIMARY KEY AUTOINCREMENT, "descripcion_item" varchar(200) NOT NULL, "cantidad" integer unsigned NOT NULL CHECK ("cantidad" >= 0), "precio_unitario" decimal NOT NULL, "subtotal" decimal NOT NULL, "id_plan_detalle" integer NOT NULL REFERENCES "plan_tratamiento_detalle" ("id_plan_detalle") DEFERRABLE INITIALLY DEFERRED, "id_presupuesto" integer NOT NULL REFERENCES "presupuestos" ("id_presupuesto") DEFERRABLE INITIALLY DEFERRED);
CREATE TABLE "presupuestos" ("id_presupuesto" integer NOT NULL PRIMARY KEY AUTOINCREMENT, "numero_presupuesto" varchar(30) NOT NULL UNIQUE, "fecha_emision" datetime NOT NULL, "fecha_vencimiento" date NULL, "monto_bruto" decimal NOT NULL, "descuento_total" decimal NOT NULL, "monto_final" decimal NOT NULL, "estado_presupuesto" varchar(20) NOT NULL, "id_plan_tratamiento" integer NOT NULL REFERENCES "planes_tratamiento" ("id_plan_tratamiento") DEFERRABLE INITIALLY DEFERRED, "id_usuario_emite" integer NOT NULL REFERENCES "usuarios" ("id_usuario") DEFERRABLE INITIALLY DEFERRED);
CREATE TABLE "registro_antecedente_detalle" ("id" integer NOT NULL PRIMARY KEY AUTOINCREMENT, "detalle_adicional" varchar(200) NULL, "id_catalogo_antecedente" integer NOT NULL REFERENCES "catalogo_antecedentes" ("id_catalogo_antecedente") DEFERRABLE INITIALLY DEFERRED, "id_registro_antecedente" integer NOT NULL REFERENCES "registros_antecedentes_medicos" ("id_registro_antecedente") DEFERRABLE INITIALLY DEFERRED);
CREATE TABLE "registros_antecedentes_medicos" ("id_registro_antecedente" integer NOT NULL PRIMARY KEY AUTOINCREMENT, "fecha_registro" datetime NOT NULL, "observaciones_generales" text NULL, "id_paciente" integer NOT NULL REFERENCES "pacientes" ("id_paciente") DEFERRABLE INITIALLY DEFERRED, "id_usuario_registra" integer NOT NULL REFERENCES "usuarios" ("id_usuario") DEFERRABLE INITIALLY DEFERRED);
CREATE TABLE "roles" ("id_rol" integer NOT NULL PRIMARY KEY AUTOINCREMENT, "nombre" varchar(50) NOT NULL UNIQUE, "descripcion" varchar(150) NULL, "estado_rol" varchar(20) NOT NULL);
CREATE TABLE "sexos" ("id_sexo" integer NOT NULL PRIMARY KEY AUTOINCREMENT, "nombre" varchar(20) NOT NULL UNIQUE);
INSERT INTO "sexos" VALUES(1,'Masculino');
CREATE TABLE "tipos_atencion" ("id_tipo_atencion" integer NOT NULL PRIMARY KEY AUTOINCREMENT, "nombre" varchar(80) NOT NULL UNIQUE, "descripcion" varchar(150) NULL, "duracion_estimada_min" smallint unsigned NOT NULL CHECK ("duracion_estimada_min" >= 0), "estado_tipo_atencion" varchar(20) NOT NULL);
CREATE TABLE "tipos_movimiento_caja" ("id_tipo_movimiento" integer NOT NULL PRIMARY KEY AUTOINCREMENT, "nombre" varchar(30) NOT NULL UNIQUE, "descripcion" varchar(100) NULL);
CREATE TABLE "tratamientos" ("id_tratamiento" integer NOT NULL PRIMARY KEY AUTOINCREMENT, "codigo" varchar(30) NOT NULL UNIQUE, "nombre" varchar(100) NOT NULL UNIQUE, "descripcion" varchar(200) NULL, "valor_referencial" decimal NOT NULL, "duracion_estimada_min" smallint unsigned NULL CHECK ("duracion_estimada_min" >= 0), "estado_tratamiento" varchar(20) NOT NULL);
CREATE TABLE "usuario_rol" ("id" integer NOT NULL PRIMARY KEY AUTOINCREMENT, "id_usuario" integer NOT NULL REFERENCES "usuarios" ("id_usuario") DEFERRABLE INITIALLY DEFERRED, "id_rol" integer NOT NULL REFERENCES "roles" ("id_rol") DEFERRABLE INITIALLY DEFERRED);
CREATE TABLE "usuarios" ("last_login" datetime NULL, "id_usuario" integer NOT NULL PRIMARY KEY AUTOINCREMENT, "username" varchar(50) NOT NULL UNIQUE, "password_hash" varchar(255) NOT NULL, "estado_acceso" varchar(20) NOT NULL, "ultimo_acceso" datetime NULL, "fecha_creacion" datetime NOT NULL, "fecha_actualizacion" datetime NOT NULL, "is_staff" bool NOT NULL, "is_superuser" bool NOT NULL, "id_persona" integer NOT NULL UNIQUE REFERENCES "personas" ("id_persona") DEFERRABLE INITIALLY DEFERRED);
INSERT INTO "usuarios" VALUES('2026-04-28 22:07:53.448328',1,'admin','pbkdf2_sha256$720000$Y2VFjMpVuuLLeIpOoXWnE7$yQJrslRoI2K9xKxapnANrXcaJi4kyMFwvnACm/NL2tI=','activo','2026-04-28 22:07:53.454518','2026-04-28 02:29:18.057898','2026-04-28 02:29:18.598484',1,1,1);
CREATE INDEX "personas_id_sexo_9df7cea2" ON "personas" ("id_sexo");
CREATE INDEX "idx_personas_id_sexo" ON "personas" ("id_sexo");
CREATE UNIQUE INDEX "usuario_rol_id_usuario_id_rol_23f91a24_uniq" ON "usuario_rol" ("id_usuario", "id_rol");
CREATE INDEX "usuario_rol_id_usuario_72047234" ON "usuario_rol" ("id_usuario");
CREATE INDEX "usuario_rol_id_rol_5fb37218" ON "usuario_rol" ("id_rol");
CREATE INDEX "django_admin_log_content_type_id_c4bce8eb" ON "django_admin_log" ("content_type_id");
CREATE INDEX "django_admin_log_user_id_c564eba6" ON "django_admin_log" ("user_id");
CREATE UNIQUE INDEX "odontologo_especialidad_id_odontologo_id_especialidad_80a7de96_uniq" ON "odontologo_especialidad" ("id_odontologo", "id_especialidad");
CREATE INDEX "odontologo_especialidad_id_especialidad_32339702" ON "odontologo_especialidad" ("id_especialidad");
CREATE INDEX "odontologo_especialidad_id_odontologo_4a378b80" ON "odontologo_especialidad" ("id_odontologo");
CREATE UNIQUE INDEX "horarios_odontologo_id_odontologo_dia_semana_hora_inicio_hora_fin_683b73da_uniq" ON "horarios_odontologo" ("id_odontologo", "dia_semana", "hora_inicio", "hora_fin");
CREATE INDEX "horarios_odontologo_id_odontologo_4fcde714" ON "horarios_odontologo" ("id_odontologo");
CREATE INDEX "idx_citas_paciente" ON "citas" ("id_paciente");
CREATE INDEX "idx_citas_odontologo" ON "citas" ("id_odontologo");
CREATE INDEX "idx_citas_box" ON "citas" ("id_box");
CREATE INDEX "idx_citas_inicio_fin" ON "citas" ("fecha_hora_inicio", "fecha_hora_fin");
CREATE INDEX "citas_id_box_9d5fcddf" ON "citas" ("id_box");
CREATE INDEX "citas_id_odontologo_bb80b290" ON "citas" ("id_odontologo");
CREATE INDEX "citas_id_paciente_08e9677c" ON "citas" ("id_paciente");
CREATE INDEX "citas_id_usuario_registra_8cc8c2dc" ON "citas" ("id_usuario_registra");
CREATE INDEX "citas_id_estado_cita_817d0ee6" ON "citas" ("id_estado_cita");
CREATE INDEX "citas_id_tipo_atencion_683e7f68" ON "citas" ("id_tipo_atencion");
CREATE INDEX "historial_citas_id_cita_f373ba36" ON "historial_citas" ("id_cita");
CREATE INDEX "historial_citas_id_estado_anterior_5f0eb788" ON "historial_citas" ("id_estado_anterior");
CREATE INDEX "historial_citas_id_estado_nuevo_f11575b1" ON "historial_citas" ("id_estado_nuevo");
CREATE INDEX "historial_citas_id_usuario_responsable_4c93974f" ON "historial_citas" ("id_usuario_responsable");
CREATE INDEX "idx_reg_antecedentes_paciente" ON "registros_antecedentes_medicos" ("id_paciente");
CREATE UNIQUE INDEX "registro_antecedente_detalle_id_registro_antecedente_id_catalogo_antecedente_ac9cf08f_uniq" ON "registro_antecedente_detalle" ("id_registro_antecedente", "id_catalogo_antecedente");
CREATE UNIQUE INDEX "catalogo_antecedentes_tipo_antecedente_nombre_a2a70845_uniq" ON "catalogo_antecedentes" ("tipo_antecedente", "nombre");
CREATE INDEX "registros_antecedentes_medicos_id_paciente_88854a99" ON "registros_antecedentes_medicos" ("id_paciente");
CREATE INDEX "registros_antecedentes_medicos_id_usuario_registra_d680c41b" ON "registros_antecedentes_medicos" ("id_usuario_registra");
CREATE INDEX "registro_antecedente_detalle_id_catalogo_antecedente_f2089d19" ON "registro_antecedente_detalle" ("id_catalogo_antecedente");
CREATE INDEX "registro_antecedente_detalle_id_registro_antecedente_fe1b8912" ON "registro_antecedente_detalle" ("id_registro_antecedente");
CREATE INDEX "bitacora_id_usuario_a86ded91" ON "bitacora" ("id_usuario");
CREATE INDEX "idx_bitacora_usuario" ON "bitacora" ("id_usuario");
CREATE UNIQUE INDEX "django_content_type_app_label_model_76bd3d3b_uniq" ON "django_content_type" ("app_label", "model");
CREATE UNIQUE INDEX "auth_group_permissions_group_id_permission_id_0cd325b0_uniq" ON "auth_group_permissions" ("group_id", "permission_id");
CREATE INDEX "auth_group_permissions_group_id_b120cbf9" ON "auth_group_permissions" ("group_id");
CREATE INDEX "auth_group_permissions_permission_id_84c5c92e" ON "auth_group_permissions" ("permission_id");
CREATE UNIQUE INDEX "auth_permission_content_type_id_codename_01ab375a_uniq" ON "auth_permission" ("content_type_id", "codename");
CREATE INDEX "auth_permission_content_type_id_2f476e4b" ON "auth_permission" ("content_type_id");
CREATE INDEX "adjuntos_clinicos_id_usuario_sube_6e4349c4" ON "adjuntos_clinicos" ("id_usuario_sube");
CREATE INDEX "adjuntos_clinicos_id_evolucion_5a45b80c" ON "adjuntos_clinicos" ("id_evolucion");
CREATE UNIQUE INDEX "odontogramas_id_ficha_clinica_version_30449ab9_uniq" ON "odontogramas" ("id_ficha_clinica", "version");
CREATE INDEX "odontogramas_id_ficha_clinica_9ebedf2f" ON "odontogramas" ("id_ficha_clinica");
CREATE UNIQUE INDEX "odontograma_detalle_id_odontograma_codigo_pieza_dental_id_cara_dental_46308a2f_uniq" ON "odontograma_detalle" ("id_odontograma", "codigo_pieza_dental", "id_cara_dental");
CREATE INDEX "odontograma_detalle_id_cara_dental_43e4b4ae" ON "odontograma_detalle" ("id_cara_dental");
CREATE INDEX "odontograma_detalle_id_condicion_e8c1f6df" ON "odontograma_detalle" ("id_condicion");
CREATE INDEX "odontograma_detalle_id_odontograma_4ea3c570" ON "odontograma_detalle" ("id_odontograma");
CREATE INDEX "odontograma_detalle_codigo_pieza_dental_492946eb" ON "odontograma_detalle" ("codigo_pieza_dental");
CREATE INDEX "idx_odontograma_detalle_pieza" ON "odontograma_detalle" ("codigo_pieza_dental");
CREATE INDEX "idx_odontograma_detalle_cara" ON "odontograma_detalle" ("id_cara_dental");
CREATE INDEX "idx_planes_ficha" ON "planes_tratamiento" ("id_ficha_clinica");
CREATE INDEX "idx_planes_odontologo" ON "planes_tratamiento" ("id_odontologo");
CREATE INDEX "idx_plan_detalle_plan" ON "plan_tratamiento_detalle" ("id_plan_tratamiento");
CREATE INDEX "planes_tratamiento_id_ficha_clinica_659cfdb0" ON "planes_tratamiento" ("id_ficha_clinica");
CREATE INDEX "planes_tratamiento_id_odontologo_63bc26b3" ON "planes_tratamiento" ("id_odontologo");
CREATE INDEX "plan_tratamiento_detalle_codigo_pieza_dental_78ca9b12" ON "plan_tratamiento_detalle" ("codigo_pieza_dental");
CREATE INDEX "plan_tratamiento_detalle_id_plan_tratamiento_6b5f79e5" ON "plan_tratamiento_detalle" ("id_plan_tratamiento");
CREATE INDEX "plan_tratamiento_detalle_id_tratamiento_1383fa0f" ON "plan_tratamiento_detalle" ("id_tratamiento");
CREATE INDEX "idx_presupuestos_plan" ON "presupuestos" ("id_plan_tratamiento");
CREATE UNIQUE INDEX "presupuesto_detalle_id_presupuesto_id_plan_detalle_33dd10cc_uniq" ON "presupuesto_detalle" ("id_presupuesto", "id_plan_detalle");
CREATE INDEX "presupuestos_id_plan_tratamiento_da9dc827" ON "presupuestos" ("id_plan_tratamiento");
CREATE INDEX "presupuestos_id_usuario_emite_2e508814" ON "presupuestos" ("id_usuario_emite");
CREATE INDEX "presupuesto_detalle_id_plan_detalle_28eb499e" ON "presupuesto_detalle" ("id_plan_detalle");
CREATE INDEX "presupuesto_detalle_id_presupuesto_ffc5883a" ON "presupuesto_detalle" ("id_presupuesto");
CREATE INDEX "pagos_id_medio_pago_09c8eade" ON "pagos" ("id_medio_pago");
CREATE INDEX "pagos_id_presupuesto_9c31ad89" ON "pagos" ("id_presupuesto");
CREATE INDEX "pagos_id_usuario_registra_48d0e395" ON "pagos" ("id_usuario_registra");
CREATE INDEX "idx_pagos_presupuesto" ON "pagos" ("id_presupuesto");
CREATE INDEX "idx_cajas_usuario_apertura" ON "cajas" ("id_usuario_apertura");
CREATE INDEX "idx_movimientos_caja" ON "movimientos_caja" ("id_caja");
CREATE INDEX "cajas_id_usuario_apertura_cdeb8d67" ON "cajas" ("id_usuario_apertura");
CREATE INDEX "cajas_id_usuario_cierre_e5732477" ON "cajas" ("id_usuario_cierre");
CREATE INDEX "movimientos_caja_id_caja_13d03dc3" ON "movimientos_caja" ("id_caja");
CREATE INDEX "movimientos_caja_id_usuario_registra_dd8d0d33" ON "movimientos_caja" ("id_usuario_registra");
CREATE INDEX "movimientos_caja_id_tipo_movimiento_5b144ef5" ON "movimientos_caja" ("id_tipo_movimiento");
CREATE INDEX "django_session_expire_date_a5c62663" ON "django_session" ("expire_date");
CREATE INDEX "imagenologia_accesos_auditoria_usuario_id_ada51576" ON "imagenologia_accesos_auditoria" ("usuario_id");
CREATE INDEX "imagenologia_accesos_auditoria_archivo_id_50eeb6a9" ON "imagenologia_accesos_auditoria" ("archivo_id");
CREATE INDEX "imagenologia_examenes_cita_id_8f7e0a1e" ON "imagenologia_examenes" ("cita_id");
CREATE INDEX "imagenologia_examenes_creado_por_id_dc7de677" ON "imagenologia_examenes" ("creado_por_id");
CREATE INDEX "imagenologia_examenes_evolucion_id_762d9c55" ON "imagenologia_examenes" ("evolucion_id");
CREATE INDEX "imagenologia_examenes_ficha_clinica_id_ccab250e" ON "imagenologia_examenes" ("ficha_clinica_id");
CREATE INDEX "imagenologia_examenes_paciente_id_c0bccf52" ON "imagenologia_examenes" ("paciente_id");
CREATE INDEX "imagenologia_examenes_solicitado_por_id_4b338688" ON "imagenologia_examenes" ("solicitado_por_id");
CREATE INDEX "imagenologia_examenes_tipo_examen_id_d9fc2ff2" ON "imagenologia_examenes" ("tipo_examen_id");
CREATE INDEX "imagenologia_archivos_subido_por_id_91b1e4e7" ON "imagenologia_archivos" ("subido_por_id");
CREATE INDEX "imagenologia_archivos_examen_id_2b9a5e36" ON "imagenologia_archivos" ("examen_id");
CREATE INDEX "imagenologi_pacient_0b4832_idx" ON "imagenologia_examenes" ("paciente_id");
CREATE INDEX "imagenologi_fecha_e_d95821_idx" ON "imagenologia_examenes" ("fecha_examen");
CREATE INDEX "imagenologia_observaciones_examen_id_ce6583eb" ON "imagenologia_observaciones" ("examen_id");
CREATE INDEX "imagenologia_observaciones_usuario_id_38645531" ON "imagenologia_observaciones" ("usuario_id");
CREATE INDEX "odontograma_historial_odontograma_id_7de2b0fb" ON "odontograma_historial" ("odontograma_id");
CREATE INDEX "odontograma_historial_pieza_dental_id_0e0bad9f" ON "odontograma_historial" ("pieza_dental_id");
CREATE INDEX "odontograma_historial_usuario_id_e3dc2ba0" ON "odontograma_historial" ("usuario_id");
CREATE UNIQUE INDEX "odontograma_pieza_odontograma_id_codigo_pieza_dental_id_8019dbb5_uniq" ON "odontograma_pieza" ("odontograma_id", "codigo_pieza_dental_id");
CREATE INDEX "odontograma_pieza_codigo_pieza_dental_id_b0f86363" ON "odontograma_pieza" ("codigo_pieza_dental_id");
CREATE INDEX "odontograma_pieza_odontograma_id_fd97a8c4" ON "odontograma_pieza" ("odontograma_id");
CREATE UNIQUE INDEX "odontograma_raiz_pieza_id_raiz_tercio_d05775a5_uniq" ON "odontograma_raiz" ("pieza_id", "raiz", "tercio");
CREATE INDEX "odontograma_raiz_id_condicion_id_81670294" ON "odontograma_raiz" ("id_condicion_id");
CREATE INDEX "odontograma_raiz_pieza_id_bb8df311" ON "odontograma_raiz" ("pieza_id");
DELETE FROM "sqlite_sequence";
INSERT INTO "sqlite_sequence" VALUES('django_migrations',33);
INSERT INTO "sqlite_sequence" VALUES('django_admin_log',0);
INSERT INTO "sqlite_sequence" VALUES('odontologos',0);
INSERT INTO "sqlite_sequence" VALUES('django_content_type',51);
INSERT INTO "sqlite_sequence" VALUES('auth_permission',204);
INSERT INTO "sqlite_sequence" VALUES('auth_group',0);
INSERT INTO "sqlite_sequence" VALUES('sexos',1);
INSERT INTO "sqlite_sequence" VALUES('personas',2);
INSERT INTO "sqlite_sequence" VALUES('usuarios',1);
INSERT INTO "sqlite_sequence" VALUES('bitacora',15);
INSERT INTO "sqlite_sequence" VALUES('pacientes',1);
INSERT INTO "sqlite_sequence" VALUES('fichas_clinicas',1);
INSERT INTO "sqlite_sequence" VALUES('odontogramas',7);
INSERT INTO "sqlite_sequence" VALUES('imagenologia_archivos',0);
INSERT INTO "sqlite_sequence" VALUES('imagenologia_tipos_examen',8);
INSERT INTO "sqlite_sequence" VALUES('imagenologia_examenes',1);
COMMIT;
